-- Create user
CREATE USER SHINHAN_TRAINING IDENTIFIED BY 1;

-- Assign all permissions to the user
GRANT ALL PRIVILEGES TO SHINHAN_TRAINING;

-- Add User data
INSERT INTO RESTAURANT_USER ( EMAIL, PASSWORD, FULLNAME, PHONE, ROLE_ID )
	VALUES ('theboost1305@gmail.com', '123456', 'Nguyễn Hoàng Linh', '0933348791', 2);
INSERT INTO RESTAURANT_USER ( EMAIL, PASSWORD, FULLNAME, PHONE, ROLE_ID )
	VALUES ('alice@gmail.com', '123456', 'Alice', '0123456001', 2);
INSERT INTO RESTAURANT_USER ( EMAIL, PASSWORD, FULLNAME, PHONE, ROLE_ID )
	VALUES ('bob@gmail.com', '123456', 'Bob', '0123456002', 2);
INSERT INTO RESTAURANT_USER ( EMAIL, PASSWORD, FULLNAME, PHONE, ROLE_ID )
	VALUES ('customer1@gmail.com', '123456', 'Customer 1', '0933548792', 3);
INSERT INTO RESTAURANT_USER ( EMAIL, PASSWORD, FULLNAME, PHONE, ROLE_ID )
	VALUES ('nhan@gmail.com', '123456', 'Nhân', '0123456789', 1);
INSERT INTO RESTAURANT_USER ( EMAIL, PASSWORD, FULLNAME, PHONE, ROLE_ID )
	VALUES ('linh@gmail.com', '123456', 'Nguyễn Hoàng Linh', '0123456799', 3);

-- Add Role data
INSERT INTO ROLE ( ROLE_NAME ) VALUES ('MANAGER');
INSERT INTO ROLE ( ROLE_NAME ) VALUES ('SHIPPER');
INSERT INTO ROLE ( ROLE_NAME ) VALUES ('CUSTOMER');

-- Add FOOD data
INSERT INTO FOOD (NAME, DESCRIPTION, IMAGE_LINK, PRICE, IS_DELETED)
	VALUES ('Broken rice with grilled pork', 'Vietnamese traditional dish - Com tam', 'Grilled-side-Pork.jpg', 30000, 0);
INSERT INTO FOOD (NAME, DESCRIPTION, IMAGE_LINK, PRICE, IS_DELETED)
	VALUES ('Rice with char siu pork', 'BBQ pork with secret recipe', 'Char-Siu-Pork.jpg', 35000, 0);
INSERT INTO FOOD (NAME, DESCRIPTION, IMAGE_LINK, PRICE, IS_DELETED)
	VALUES ('Rice with grilled chiken', 'Grilled chicken with special ginger sauce', 'Grilled-chicken-Pork.jpg', 40000, 0);
INSERT INTO FOOD (NAME, DESCRIPTION, IMAGE_LINK, PRICE, IS_DELETED)
	VALUES ('Egg fried rice', 'Egg fried rice cooked with special oyster sauce', 'egg-fried-rice.jpg', 30000, 0);
INSERT INTO FOOD (NAME, DESCRIPTION, IMAGE_LINK, PRICE, IS_DELETED)
	VALUES ('Beef Pho', 'Well-Done beef', 'beef-pho.jpg', 45000, 0);
INSERT INTO FOOD (NAME, DESCRIPTION, IMAGE_LINK, PRICE, IS_DELETED)
	VALUES ('Chicken Pho', 'Steamed chicken', 'chicken-pho.jpg', 40000, 0);
INSERT INTO FOOD (NAME, DESCRIPTION, IMAGE_LINK, PRICE, IS_DELETED)
	VALUES ('Bun cha', 'Vietnamese grilled pork with rice vermicelli noodles', 'bun-cha.jpg', 40000, 0);
INSERT INTO FOOD (NAME, DESCRIPTION, IMAGE_LINK, PRICE, IS_DELETED)
	VALUES ('Mi Quang', 'Vietnamese Turmeric Noodles from Quang Nam', 'mi-quang.jpg', 35000, 0);
INSERT INTO FOOD (NAME, DESCRIPTION, IMAGE_LINK, PRICE, IS_DELETED)
	VALUES ('Bun bo Hue', 'Spicy Beef & Pork Noodle Soup', 'bun-bo.jpg', 45000, 0);

-- Add CART data
INSERT INTO CART (CUSTOMER_ID, IS_DELETED) VALUES (4, 0);
INSERT INTO CART (CUSTOMER_ID, IS_DELETED) VALUES (4, 0);
INSERT INTO CART (CUSTOMER_ID, IS_DELETED) VALUES (4, 0);
INSERT INTO CART (CUSTOMER_ID, IS_DELETED) VALUES (4, 0);
INSERT INTO CART (CUSTOMER_ID, IS_DELETED) VALUES (4, 0);
INSERT INTO CART (CUSTOMER_ID, IS_DELETED) VALUES (4, 0);
INSERT INTO CART (CUSTOMER_ID, IS_DELETED) VALUES (4, 0);
INSERT INTO CART (CUSTOMER_ID, IS_DELETED) VALUES (4, 0);
INSERT INTO CART (CUSTOMER_ID, IS_DELETED) VALUES (4, 0);
INSERT INTO CART (CUSTOMER_ID, IS_DELETED) VALUES (4, 0);
INSERT INTO CART (CUSTOMER_ID, IS_DELETED) VALUES (4, 0);
INSERT INTO CART (CUSTOMER_ID, IS_DELETED) VALUES (4, 0);
INSERT INTO CART (CUSTOMER_ID, IS_DELETED) VALUES (4, 0);
INSERT INTO CART (CUSTOMER_ID, IS_DELETED) VALUES (4, 0);

-- ADD FOOD_CART data
INSERT INTO FOOD_CART (CART_ID, FOOD_ID, FIXED_PRICE, FOOD_QUANTITY) VALUES (1, 1, 30000, 2);
INSERT INTO FOOD_CART (CART_ID, FOOD_ID, FIXED_PRICE, FOOD_QUANTITY) VALUES (1, 2, 35000, 1);
INSERT INTO FOOD_CART (CART_ID, FOOD_ID, FIXED_PRICE, FOOD_QUANTITY) VALUES (2, 2, 35000, 3);
INSERT INTO FOOD_CART (CART_ID, FOOD_ID, FIXED_PRICE, FOOD_QUANTITY) VALUES (2, 3, 40000, 1);
INSERT INTO FOOD_CART (CART_ID, FOOD_ID, FIXED_PRICE, FOOD_QUANTITY) VALUES (3, 2, 35000, 2);
INSERT INTO FOOD_CART (CART_ID, FOOD_ID, FIXED_PRICE, FOOD_QUANTITY) VALUES (3, 3, 40000, 1);
INSERT INTO FOOD_CART (CART_ID, FOOD_ID, FIXED_PRICE, FOOD_QUANTITY) VALUES (4, 5, 45000, 2);
INSERT INTO FOOD_CART (CART_ID, FOOD_ID, FIXED_PRICE, FOOD_QUANTITY) VALUES (4, 6, 40000, 3);
INSERT INTO FOOD_CART (CART_ID, FOOD_ID, FIXED_PRICE, FOOD_QUANTITY) VALUES (5, 5, 45000, 2);
INSERT INTO FOOD_CART (CART_ID, FOOD_ID, FIXED_PRICE, FOOD_QUANTITY) VALUES (5, 6, 40000, 3);
INSERT INTO FOOD_CART (CART_ID, FOOD_ID, FIXED_PRICE, FOOD_QUANTITY) VALUES (6, 5, 45000, 2);
INSERT INTO FOOD_CART (CART_ID, FOOD_ID, FIXED_PRICE, FOOD_QUANTITY) VALUES (6, 6, 40000, 3);
INSERT INTO FOOD_CART (CART_ID, FOOD_ID, FIXED_PRICE, FOOD_QUANTITY) VALUES (7, 5, 45000, 2);
INSERT INTO FOOD_CART (CART_ID, FOOD_ID, FIXED_PRICE, FOOD_QUANTITY) VALUES (7, 6, 40000, 3);
INSERT INTO FOOD_CART (CART_ID, FOOD_ID, FIXED_PRICE, FOOD_QUANTITY) VALUES (8, 5, 45000, 2);
INSERT INTO FOOD_CART (CART_ID, FOOD_ID, FIXED_PRICE, FOOD_QUANTITY) VALUES (8, 6, 40000, 3);
INSERT INTO FOOD_CART (CART_ID, FOOD_ID, FIXED_PRICE, FOOD_QUANTITY) VALUES (9, 5, 45000, 2);
INSERT INTO FOOD_CART (CART_ID, FOOD_ID, FIXED_PRICE, FOOD_QUANTITY) VALUES (9, 6, 40000, 3);
INSERT INTO FOOD_CART (CART_ID, FOOD_ID, FIXED_PRICE, FOOD_QUANTITY) VALUES (10, 5, 45000, 2);
INSERT INTO FOOD_CART (CART_ID, FOOD_ID, FIXED_PRICE, FOOD_QUANTITY) VALUES (10, 6, 40000, 3);
INSERT INTO FOOD_CART (CART_ID, FOOD_ID, FIXED_PRICE, FOOD_QUANTITY) VALUES (11, 5, 45000, 2);
INSERT INTO FOOD_CART (CART_ID, FOOD_ID, FIXED_PRICE, FOOD_QUANTITY) VALUES (11, 6, 40000, 3);
INSERT INTO FOOD_CART (CART_ID, FOOD_ID, FIXED_PRICE, FOOD_QUANTITY) VALUES (12, 5, 45000, 2);
INSERT INTO FOOD_CART (CART_ID, FOOD_ID, FIXED_PRICE, FOOD_QUANTITY) VALUES (12, 6, 40000, 3);
INSERT INTO FOOD_CART (CART_ID, FOOD_ID, FIXED_PRICE, FOOD_QUANTITY) VALUES (13, 5, 45000, 2);
INSERT INTO FOOD_CART (CART_ID, FOOD_ID, FIXED_PRICE, FOOD_QUANTITY) VALUES (13, 6, 40000, 3);
INSERT INTO FOOD_CART (CART_ID, FOOD_ID, FIXED_PRICE, FOOD_QUANTITY) VALUES (14, 5, 45000, 2);
INSERT INTO FOOD_CART (CART_ID, FOOD_ID, FIXED_PRICE, FOOD_QUANTITY) VALUES (14, 6, 40000, 3);

-- Add Order data
INSERT INTO RESTAURANT_ORDER ( CART_ID, ADDRESS, SHIPPER_ID, SHIPPING_STATUS, IS_DELETED)
	VALUES (1, 'Ký túc xá khu A, Thủ Đức, TPHCM', 1, 'DELIVERED', 0);
INSERT INTO RESTAURANT_ORDER ( CART_ID, ADDRESS, SHIPPER_ID, SHIPPING_STATUS, IS_DELETED)
	VALUES (2, 'Ký túc xá khu A, Thủ Đức, TPHCM', 1, 'PENDING', 0);
INSERT INTO RESTAURANT_ORDER ( CART_ID, ADDRESS, SHIPPER_ID, SHIPPING_STATUS, IS_DELETED)
	VALUES (3, 'Ký túc xá khu A, Thủ Đức, TPHCM', null, 'PENDING', 0);
INSERT INTO RESTAURANT_ORDER ( CART_ID, ADDRESS, SHIPPER_ID, SHIPPING_STATUS, IS_DELETED)
	VALUES (4, 'Ký túc xá khu A, Thủ Đức, TPHCM', null, 'PENDING', 0);
INSERT INTO RESTAURANT_ORDER ( CART_ID, ADDRESS, SHIPPER_ID, SHIPPING_STATUS, IS_DELETED)
	VALUES (5, 'Ký túc xá khu A, Thủ Đức, TPHCM', null, 'PENDING', 0);
INSERT INTO RESTAURANT_ORDER ( CART_ID, ADDRESS, SHIPPER_ID, SHIPPING_STATUS, IS_DELETED)
	VALUES (6, 'Ký túc xá khu A, Thủ Đức, TPHCM', null, 'PENDING', 0);
INSERT INTO RESTAURANT_ORDER ( CART_ID, ADDRESS, SHIPPER_ID, SHIPPING_STATUS, IS_DELETED)
	VALUES (7, 'Ký túc xá khu A, Thủ Đức, TPHCM', null, 'PENDING', 0);
INSERT INTO RESTAURANT_ORDER ( CART_ID, ADDRESS, SHIPPER_ID, SHIPPING_STATUS, IS_DELETED)
	VALUES (8, 'Ký túc xá khu A, Thủ Đức, TPHCM', null, 'PENDING', 0);
INSERT INTO RESTAURANT_ORDER ( CART_ID, ADDRESS, SHIPPER_ID, SHIPPING_STATUS, IS_DELETED)
	VALUES (9, 'Ký túc xá khu A, Thủ Đức, TPHCM', null, 'PENDING', 0);
INSERT INTO RESTAURANT_ORDER ( CART_ID, ADDRESS, SHIPPER_ID, SHIPPING_STATUS, IS_DELETED)
	VALUES (10, 'Ký túc xá khu A, Thủ Đức, TPHCM', null, 'PENDING', 0);
INSERT INTO RESTAURANT_ORDER ( CART_ID, ADDRESS, SHIPPER_ID, SHIPPING_STATUS, IS_DELETED)
	VALUES (11, 'Ký túc xá khu A, Thủ Đức, TPHCM', null, 'PENDING', 0);
INSERT INTO RESTAURANT_ORDER ( CART_ID, ADDRESS, SHIPPER_ID, SHIPPING_STATUS, IS_DELETED)
	VALUES (12, 'Ký túc xá khu A, Thủ Đức, TPHCM', null, 'PENDING', 0);
INSERT INTO RESTAURANT_ORDER ( CART_ID, ADDRESS, SHIPPER_ID, SHIPPING_STATUS, IS_DELETED)
	VALUES (13, 'Ký túc xá khu A, Thủ Đức, TPHCM', null, 'PENDING', 0);
INSERT INTO RESTAURANT_ORDER ( CART_ID, ADDRESS, SHIPPER_ID, SHIPPING_STATUS, IS_DELETED)
	VALUES (14, 'Ký túc xá khu A, Thủ Đức, TPHCM', null, 'PENDING', 0);





